<application>
  <component name="TipsStore">
    <option name="globalFirstStartUp" value="false" />
    <entry projectName="ValidationDemo" firstStartUp="false" />
    <entry projectName="alpha-config-repo" firstStartUp="false" />
    <entry projectName="alpha-hr" firstStartUp="false" />
    <entry projectName="alpha-upload" firstStartUp="false" />
    <entry projectName="code-generate" firstStartUp="false" />
    <entry projectName="easyexcel" firstStartUp="false" />
    <entry projectName="icourt-equity" firstStartUp="false" />
    <entry projectName="icourt-invoice" firstStartUp="false" />
    <entry projectName="icourt-springcloud-pusher" firstStartUp="false" />
    <entry projectName="kafka_book_demo" firstStartUp="false" />
    <entry projectName="mysql" firstStartUp="false" />
    <entry projectName="spring-boot-test" firstStartUp="false" />
    <entry projectName="springboot-validator-demo" firstStartUp="false" />
    <entry projectName="study-document" firstStartUp="false" />
  </component>
</application>