<application>
  <component name="com.intellij.ide.ui.customization.CustomActionsSchema">
    <group value="Forward" is_action="true" action_type="-1" position="6">
      <path value="root" />
      <path value="Main Toolbar" />
      <option name="myInitialPosition" value="-1" />
    </group>
    <group value="Back" is_action="true" action_type="-1" position="5">
      <path value="root" />
      <path value="Main Toolbar" />
      <option name="myInitialPosition" value="-1" />
    </group>
    <group value="RevealIn" is_action="true" action_type="1" position="0">
      <path value="root" />
      <path value="Main Toolbar" />
      <option name="myInitialPosition" value="-1" />
    </group>
    <group value="FindInPath" is_action="true" action_type="1" position="13">
      <path value="root" />
      <path value="Main Toolbar" />
      <option name="myInitialPosition" value="-1" />
    </group>
    <group value="ReformatCode" is_action="true" action_type="1" position="14">
      <path value="root" />
      <path value="Main Toolbar" />
      <option name="myInitialPosition" value="-1" />
    </group>
    <group value="Back" is_action="true" action_type="1" position="18">
      <path value="root" />
      <path value="Main Toolbar" />
      <option name="myInitialPosition" value="-1" />
    </group>
    <group value="Forward" is_action="true" action_type="1" position="19">
      <path value="root" />
      <path value="Main Toolbar" />
      <option name="myInitialPosition" value="-1" />
    </group>
    <action id="ReformatCode" icon="$USER_HOME$/Downloads/brush_1213951_easyicon.net.svg" />
    <action id="FindInPath" icon="$USER_HOME$/Downloads/search_1233383_easyicon.net.svg" />
  </component>
</application>