<application>
  <component name="FileTypeManager" version="17">
    <extensionMap>
      <mapping pattern="*.js.flow" type="Flow" />
      <mapping pattern="*.js.flow" type="Flow" />
      <mapping pattern="html 示例" type="HTML" />
      <mapping pattern="json_6" type="JSON" />
      <mapping pattern="json_5" type="JSON" />
      <mapping pattern="json_4" type="JSON" />
      <mapping pattern="json_3" type="JSON" />
      <mapping pattern="json_2" type="JSON" />
      <mapping pattern="json_1" type="JSON" />
      <mapping ext="gradle.kts" type="Kotlin" />
      <mapping ext="m2" type="Markdown" />
      <mapping pattern="1" type="PLAIN_TEXT" />
      <mapping pattern="iTem2" type="PLAIN_TEXT" />
      <mapping pattern="多" type="PLAIN_TEXT" />
      <mapping pattern="少" type="PLAIN_TEXT" />
      <mapping pattern="线上使用的" type="PLAIN_TEXT" />
      <mapping pattern="markdown文件语法" type="PLAIN_TEXT" />
      <mapping pattern="temp" type="PLAIN_TEXT" />
      <mapping pattern="local" type="PLAIN_TEXT" />
      <mapping pattern="dev" type="PLAIN_TEXT" />
      <mapping pattern="test" type="PLAIN_TEXT" />
      <mapping pattern="测试账号" type="PLAIN_TEXT" />
      <mapping pattern="马老师推荐的书籍" type="PLAIN_TEXT" />
      <mapping ext="lombok" type="PLAIN_TEXT" />
      <mapping ext="rtf" type="PLAIN_TEXT" />
      <mapping pattern="label" type="SQL" />
      <mapping pattern="alter_equity_office_user" type="SQL" />
      <mapping pattern="update_carousel_map" type="SQL" />
      <mapping ext="rels" type="XML" />
      <removed_mapping pattern="insurance_client_info.sql" approved="true" type="PLAIN_TEXT" />
    </extensionMap>
  </component>
</application>