<application>
  <component name="GeneralSettings">
    <option name="confirmOpenNewProject2" value="0" />
    <option name="defaultProjectDirectory" value="$USER_HOME$/IdeaProjects" />
    <option name="showTipsOnStartup" value="false" />
  </component>
  <component name="Registry">
    <entry key="ide.editor.tabs.open.at.the.end" value="true" />
    <entry key="ide.mac.allowDarkWindowDecorations" value="true" />
    <entry key="SBT.system.in.process" value="true" />
    <entry key="BSP.system.in.process" value="true" />
  </component>
</application>