<keymap version="1" name="Mac OS X copy" parent="Mac OS X">
  <action id="CloseAllEditors">
    <keyboard-shortcut first-keystroke="shift meta w" />
  </action>
  <action id="CloseContent">
    <keyboard-shortcut first-keystroke="meta w" />
  </action>
  <action id="EditorNextWord" />
  <action id="EditorPreviousWord" />
  <action id="EditorSelectWord" />
  <action id="EditorUnSelectWord" />
  <action id="Exit" />
  <action id="HippieCompletion" />
  <action id="NextTab">
    <keyboard-shortcut first-keystroke="alt right" />
  </action>
  <action id="PreviousTab">
    <keyboard-shortcut first-keystroke="alt left" />
  </action>
  <action id="QuickImplementations">
    <keyboard-shortcut first-keystroke="ctrl j" />
  </action>
  <action id="QuickJavaDoc">
    <mouse-shortcut keystroke="control button2" />
  </action>
  <action id="Scala.ShowImplicits">
    <keyboard-shortcut first-keystroke="shift ctrl alt equals" />
    <keyboard-shortcut first-keystroke="shift ctrl alt add" />
  </action>
  <action id="SmartTypeCompletion">
    <keyboard-shortcut first-keystroke="alt slash" />
  </action>
</keymap>